<?xml version="1.0" encoding="UTF-8"?>
<!DOCTYPE properties SYSTEM "http://java.sun.com/dtd/properties.dtd">
<properties>
<comment>Konfiguration</comment>
<entry key="Database">SeminarDozent</entry>
<entry key="DBDriver">org.mariadb.jdbc.Driver</entry>
<entry key="Class">database.DBMariaDB</entry>
<entry key="URL">jdbc:mysql://192.168.56.99:3306/</entry>
<entry key="eingabePDF">Corona_Testbestätigung_Dataserv.pdf</entry>
<entry key="host">www.Dataserv-Computersystem.de/Corona?datei=</entry>
</properties>
